feature,iv,strength,bins
PAY_0,0.8923213026532875,very strong: check for leakage,5
delinquent_months_6m,0.858959832419443,very strong: check for leakage,7
PAY_2,0.5410496846327897,very strong: check for leakage,5
PAY_3,0.4123084614919692,strong,5
PAY_4,0.3573503569593319,strong,5
PAY_5,0.34154342985782693,strong,10
PAY_6,0.2846444224950473,medium,10
LIMIT_BAL,0.173858207539061,medium,10
PAY_AMT1,0.16174819554690517,medium,10
payment_to_bill,0.14656408502810322,medium,10
PAY_AMT2,0.14608515664698585,medium,10
bill_to_limit,0.12888494758405075,medium,10
PAY_AMT3,0.1253198579186705,medium,10
PAY_AMT6,0.08994453044593888,weak,9
PAY_AMT4,0.08938025217842795,weak,9
PAY_AMT5,0.08424345668530808,weak,9
EDUCATION,0.037354098794511105,weak,5
BILL_AMT6,0.0206240770404004,weak,10
AGE,0.018771892638872346,not predictive,10
nonpositive_mean_bill,0.017201918537850854,not predictive,2
BILL_AMT4,0.016328169693479836,not predictive,10
BILL_AMT5,0.015367800794318808,not predictive,10
BILL_AMT2,0.011928497576970471,not predictive,10
BILL_AMT3,0.011593046228276869,not predictive,10
BILL_AMT1,0.009731674650230553,not predictive,10
