decile,n,defaults,observed_rate,mean_pd
1,601,23,0.03826955074875208,0.04288870471648021
2,601,38,0.0632279534109817,0.06561174823742107
3,600,58,0.09666666666666666,0.0890725619856007
4,601,70,0.11647254575707154,0.11372018399322972
5,600,83,0.13833333333333334,0.13781982226501868
6,601,98,0.16306156405990016,0.16432137924606408
7,600,117,0.195,0.20178714242573648
8,601,163,0.27121464226289516,0.2779482195400782
9,600,266,0.44333333333333336,0.4328925506742823
10,601,404,0.6722129783693843,0.7117485633514722
