variable,psi,status
score_pd_1m,0.004535515150990011,stable
PAY_AMT2,0.0036790120536688764,stable
LIMIT_BAL,0.003410711830451473,stable
BILL_AMT1,0.0030782773633820848,stable
PAY_5,0.002879176383209459,stable
PAY_AMT1,0.0026065493377123218,stable
PAY_6,0.0023991687001869016,stable
payment_to_bill,0.0019159371652393191,stable
BILL_AMT5,0.001850558866844221,stable
BILL_AMT3,0.001746452039010128,stable
PAY_AMT5,0.001648988866103906,stable
BILL_AMT6,0.0016287725198473725,stable
bill_to_limit,0.0015234402931969513,stable
BILL_AMT4,0.0015075004355799154,stable
AGE,0.0014726602417139516,stable
BILL_AMT2,0.0014263270383050794,stable
delinquent_months_6m,0.00135602900459104,stable
PAY_AMT3,0.0012937469652110482,stable
PAY_AMT4,0.0012682692185623057,stable
PAY_2,0.0009006184623847743,stable
PAY_0,0.0007020740877998122,stable
PAY_3,0.0006990021675031951,stable
PAY_AMT6,0.0005903888924279349,stable
EDUCATION,0.0002580030700788646,stable
PAY_4,0.00025780726219344396,stable
nonpositive_mean_bill,1.8656053210379952e-05,stable
