risk_decile,customers,mean_pd_1m,mean_pd_horizon,ead_twd,expected_loss_twd,npv_twd,positive_npv_customers,el_rate_of_ead,share_of_total_el
1,3000,0.04380303677237876,0.4128292313385914,375688000.0,91636402.84742351,-45651198.53405225,0,0.24391623593892675,0.10357965099293662
2,3000,0.06728052701339453,0.5651544596816501,286768000.0,96892312.70558645,-65491272.10982773,0,0.337877004078511,0.10952057939957976
3,3000,0.09024093248165718,0.6774614984031915,233852000.0,94922781.74320543,-72013531.58506607,0,0.40590964260816853,0.107294353539941
4,3000,0.11343271021481924,0.7632687588770299,202156000.0,92517467.97614695,-74835638.88462503,0,0.4576538315763418,0.10457554799128532
5,3000,0.13779872881805214,0.8304260386754825,178008000.0,88643852.86850755,-74859975.55214079,0,0.4979767924391463,0.10019707296975584
6,3000,0.1649063191030506,0.8842028287006705,156730400.0,83126520.66419761,-72588168.44031729,0,0.5303790500387775,0.0939606502558913
7,3000,0.20157527764034872,0.9316256005642989,157596000.0,88127896.28804988,-79156609.44419116,0,0.5592013521158524,0.09961387021549346
8,3000,0.2710071016411543,0.9749600074454599,156375072.0,91461410.94994141,-84920885.0656518,0,0.5848848526825389,0.10338185187485069
9,3000,0.4238662341676185,0.9976874994816207,139852000.0,83694825.71486555,-80791143.8975805,0,0.5984528338162168,0.09460302421401928
10,3000,0.7034133140332858,0.9999961448273583,122786400.0,73671562.15054525,-73528008.91189286,0,0.5999977371316795,0.08327339854624674
