bin,n,bads,goods,share_goods,share_bads,bad_rate,woe,iv_contribution,feature
"[-inf, 3e+04)",1973,713,1260,0.06746775143178291,0.1340913362149972,0.3613786112519007,-0.6868714541523847,0.04576183856089108,LIMIT_BAL
"[3e+04, 5e+04)",1497,532,965,0.05167799603918,0.10007517383950386,0.35537742150968604,-0.6608895595784792,0.031985189521297384,LIMIT_BAL
"[5e+04, 7e+04)",3380,908,2472,0.1323395600278328,0.17073858297312536,0.2686390532544379,-0.25476258820282693,0.009782634470002475,LIMIT_BAL
"[7e+04, 1e+05)",2317,581,1736,0.09294545843815233,0.1092839691787258,0.25075528700906347,-0.1619368636380586,0.002645807185845203,LIMIT_BAL
"[1e+05, 1.4e+05)",2485,603,1882,0.10076004924262699,0.1134185303514377,0.2426559356136821,-0.11834284472700571,0.0014980406643397208,LIMIT_BAL
"[1.4e+05, 1.8e+05)",2507,454,2053,0.10991275491088155,0.08541627513625258,0.1810929397686478,0.25215025591561174,0.006176793644204303,LIMIT_BAL
"[1.8e+05, 2.1e+05)",2172,391,1781,0.09535406519295617,0.07357639541439578,0.18001841620626152,0.25927270575156497,0.005646355368451435,LIMIT_BAL
"[2.1e+05, 2.7e+05)",2758,457,2301,0.12318685435957823,0.08598007893253148,0.1656997824510515,0.35958671467825193,0.013379062139583252,LIMIT_BAL
"[2.7e+05, 3.6e+05)",2261,320,1941,0.10391800032114756,0.06023303890246194,0.14153029632905795,0.5453811089475291,0.02382495270285279,LIMIT_BAL
"[3.6e+05, inf)",2644,357,2287,0.12243751003586148,0.06718661905656831,0.13502269288956126,0.600126671152146,0.03315753328159334,LIMIT_BAL
0,282,22,260,0.013945022884826424,0.004230516122967002,0.07801418439716312,1.192798661654863,0.011587450664183032,EDUCATION
1,8489,1632,6857,0.36709402853242684,0.3069474475886058,0.19224879255507127,0.17894147133298788,0.010762717689735985,EDUCATION
2,11200,2686,8514,0.45579615106662025,0.50512362508226,0.23982142857142857,-0.10275752903040108,0.0050687693431584625,EDUCATION
3,3924,971,2953,0.15810604641203393,0.1826642850427752,0.24745158002038736,-0.14438397239838904,0.003545816048614,EDUCATION
4,99,5,94,0.005058751104092503,0.001034126163391934,0.050505050505050504,1.5875628519330875,0.006389345048819628,EDUCATION
"[-inf, 25)",2167,583,1584,0.0848097200663705,0.10965983837624507,0.26903553299492383,-0.2569730364591034,0.0063858103584564325,AGE
"[25, 27)",1936,460,1476,0.0790290638548413,0.08654388272881038,0.23760330578512398,-0.09083591837485223,0.0006826154738376535,AGE
"[27, 29)",2291,466,1825,0.0977091473532088,0.08767149032136816,0.2034046268005238,0.1083984169448251,0.001088066132086618,AGE
"[29, 31)",2418,476,1942,0.10397152491569876,0.08955083630896447,0.1968569065343259,0.1493105952840776,0.0021531616002778125,AGE
"[31, 34)",2821,539,2282,0.1221698870631055,0.10139071603082127,0.19106699751861042,0.18643106390746608,0.0038738829626639494,AGE
"[34, 37)",2742,575,2167,0.11601455868971793,0.10815636158616801,0.2097009482129832,0.07013771662929155,0.0005511560016659037,AGE
"[37, 40)",2344,501,1843,0.09867259005513034,0.09424920127795527,0.2137372013651877,0.04586484640874075,0.00020287804687128174,AGE
"[40, 43)",1990,448,1542,0.08256168709522026,0.0842886675436948,0.22512562814070353,-0.020701689582776062,3.575141315984328e-05,AGE
"[43, 49)",2803,635,2168,0.11606808328426912,0.11943243751174591,0.2265429896539422,-0.028573891217555967,9.613269171324626e-05,AGE
"[49, inf)",2482,633,1849,0.09899373762243752,0.11905656831422665,0.2550362610797744,-0.18454215235215315,0.003702437958139604,AGE
"[-inf, -1)",2228,298,1930,0.10334305826931828,0.056124847231362227,0.13375224416517056,0.6104754925434501,0.028825560640416793,PAY_0
"[-1, 0)",4520,751,3769,0.20178796070768984,0.14129923850709786,0.1661504424778761,0.3563375461305433,0.021554402837531066,PAY_0
"[0, 1)",11824,1526,10298,0.5512968068306523,0.28701701607596125,0.1290595399188092,0.6527318300414157,0.17250383146227188,PAY_0
"[1, 2)",2931,980,1951,0.10446722518133883,0.184356491491962,0.3343568747867622,-0.5679979493439156,0.045376939439023926,PAY_0
"[2, inf)",2491,1761,730,0.03910494901100078,0.3312024066936166,0.706945002007226,-2.1364806569187222,0.6240605682740438,PAY_0
"[-inf, -2)",0,0,0,2.676587885763229e-05,9.401146939926671e-05,,-1.2562888903281841,8.447988832101333e-05,PAY_2
"[-2, -1)",3026,551,2475,0.13251786622413747,0.10369465074739118,0.182088565763384,0.24526694577973643,0.007069382027532794,PAY_2
"[-1, 0)",4827,766,4061,0.2174192339605471,0.14411958258907587,0.15869069815620468,0.4111840538509556,0.030139647796783298,PAY_2
"[0, 2)",12657,2041,10616,0.5683199057841064,0.383848829557206,0.16125464170024492,0.39243567253403366,0.07239303086218064,PAY_2
"[2, inf)",3484,1958,1526,0.08171622815235138,0.36824292563692773,0.5619977037887486,-1.5054902312591378,0.43136314405797194,PAY_2
"[-inf, -2)",0,0,0,2.676587885763229e-05,9.401146939926671e-05,,-1.2562888903281841,8.447988832101333e-05,PAY_3
"[-2, -1)",3269,610,2659,0.14236770964374615,0.11478800413650465,0.18660140715815235,0.21532623030342868,0.005938634019753022,PAY_3
"[-1, 0)",4751,725,4026,0.21554562244051284,0.136410642098336,0.15259945274679015,0.45750282858317276,0.036204477346419676,PAY_3
"[0, 2)",12648,2234,10414,0.557506490725623,0.42013725674532293,0.17662871600253005,0.28289268615974733,0.03886075159639392,PAY_3
"[2, inf)",3326,1747,1579,0.0845534113112604,0.32857008555043715,0.5252555622369213,-1.3573667441940096,0.3312201186410816,PAY_3
"[-inf, -2)",0,0,0,2.676587885763229e-05,9.401146939926671e-05,,-1.2562888903281841,8.447988832101333e-05,PAY_4
"[-2, -1)",3473,673,2800,0.14991568748159845,0.12663344928081227,0.19378059314713506,0.16877636547128397,0.003929491543565377,PAY_4
"[-1, 0)",4535,711,3824,0.20473220738202938,0.13377832095515652,0.1567805953693495,0.4255187109038294,0.03019220628597966,PAY_4
"[0, 2)",13192,2436,10756,0.5758143518642435,0.4581178903826267,0.18465736810187994,0.2286587493789942,0.026912325688719454,PAY_4
"[2, inf)",2794,1496,1298,0.06951098739327106,0.2813763279120053,0.5354330708661418,-1.3982081865181346,0.29623185355274645,PAY_4
-1,4375,699,3676,0.1967831718674731,0.13146025183236235,0.15977142857142856,0.40339793366727283,0.026351130963276174,PAY_5
-2,3644,725,2919,0.15626505379221753,0.13634655140011276,0.19895718990120748,0.1363538115358817,0.0027159637212500623,PAY_5
0,13610,2575,11035,0.5906706631697265,0.4840255591054313,0.18919911829537106,0.19912089517132073,0.021235268586921107,PAY_5
2,2098,1144,954,0.05108922549911685,0.2150911482803984,0.5452812202097236,-1.4374882600902872,0.23575083863032606,PAY_5
3,130,82,48,0.002595942835733019,0.01550460439766961,0.6307692307692307,-1.7871872592606661,0.023070195477600967,PAY_5
4,70,41,29,0.00157897553926029,0.007799285848524714,0.5857142857142857,-1.5972559277543465,0.009935427513944073,PAY_5
5,12,5,7,0.00040143445913397204,0.001033640293177974,0.4166666666666667,-0.9457978355596287,0.0005979389094669869,PAY_5
6,3,2,1,8.028689182679442e-05,0.0004698364968990791,0.6666666666666666,-1.7667783876294587,0.0006882478231513035,PAY_5
7,51,42,9,0.0005084836482363647,0.007987220447284345,0.8235294117647058,-2.754165041187344,0.020597675444179286,PAY_5
8,1,1,0,2.676229727559814e-05,0.00028190189813944745,1.0,-2.3545650525315778,0.0006007427877108752,PAY_5
-1,4579,773,3806,0.20374136915912863,0.14536741214057508,0.1688141515614763,0.33758697686967837,0.019706287677814037,PAY_6
-2,3910,790,3120,0.16702349729700797,0.1485623003194888,0.2020460358056266,0.11713010386110285,0.0021623619193770977,PAY_6
0,13063,2486,10577,0.5661563988652786,0.4672993798158241,0.19030850493761003,0.19190024057596114,0.01897068573821269,PAY_6
2,2187,1096,1091,0.05842209495263073,0.20607028753993611,0.501143118427069,-1.2605231557314125,0.18611396565818952,PAY_6
3,145,94,51,0.002756516619386608,0.01775981958278519,0.6482758620689655,-1.8629707906934747,0.02795071518473641,PAY_6
4,43,26,17,0.0009366804046459348,0.004980266867130239,0.6046511627906976,-1.6708966159261764,0.006756414936369923,PAY_6
5,11,5,6,0.0003479098645827758,0.001033640293177974,0.45454545454545453,-1.088898679200302,0.0007466909579847683,PAY_6
6,12,10,2,0.00013381148637799068,0.0019733132869761325,0.8333333333333334,-2.691037289152791,0.004950167938873302,PAY_6
7,42,34,8,0.00045495905368516835,0.006483743657207292,0.8095238095238095,-2.6568459244045113,0.01601755180298042,PAY_6
8,2,2,0,2.676229727559814e-05,0.0004698364968990791,1.0,-2.8653906762975683,0.00126958068050913,PAY_6
"[-inf, 272.3)",2400,584,1816,0.09722742600224803,0.1098477729750047,0.24333333333333335,-0.12204269311433473,0.0015402211325925659,BILL_AMT1
"[272.3, 1884)",2397,525,1872,0.10022480329711503,0.09875963164818644,0.2190237797246558,0.014726761210900642,2.157723300675293e-05,BILL_AMT1
"[1884, 5999)",2401,505,1896,0.10150939356634374,0.09500093967299379,0.21032902957101207,0.06626455880495949,0.0004312798257452551,BILL_AMT1
"[5999, 1.354e+04)",2400,541,1859,0.09952898356794947,0.10176658522834053,0.22541666666666665,-0.022232916939388763,4.9748411858912974e-05,BILL_AMT1
"[1.354e+04, 2.25e+04)",2399,595,1804,0.09658513086763368,0.11191505356136065,0.248020008336807,-0.1473153285759797,0.002258332598670757,BILL_AMT1
"[2.25e+04, 3.692e+04)",2399,577,1822,0.09754857356955521,0.10853223078368728,0.2405168820341809,-0.10669674237660351,0.0011719204441291717,BILL_AMT1
"[3.692e+04, 5.182e+04)",2400,537,1863,0.09974308194615426,0.10101484683330202,0.22375,-0.012669804945972845,1.6113013057299196e-05,BILL_AMT1
"[5.182e+04, 8.358e+04)",2399,495,1904,0.1019375903227533,0.09312159368539748,0.2063359733222176,0.09045466828514796,0.0007974480514350012,BILL_AMT1
"[8.358e+04, 1.42e+05)",2399,483,1916,0.10257988545736767,0.0908663785002819,0.20133388912046687,0.12125180606379275,0.001420283873887451,BILL_AMT1
"[1.42e+05, inf)",2400,474,1926,0.10311513140287962,0.08917496711144522,0.1975,0.14524578215276154,0.0020247500658473858,BILL_AMT1
"[-inf, 0)",545,100,445,0.02384520687255794,0.01888742717534298,0.1834862385321101,0.23308675554826536,0.001155592784346896,BILL_AMT2
"[0, 1473)",4254,1001,3253,0.17414226837231708,0.1882165006577711,0.23530794546309355,-0.07772030003430229,0.00109385355597795,BILL_AMT2
"[1473, 5487)",2399,482,1917,0.10263341005191885,0.09067844390152227,0.20091704877032096,0.12384384859890246,0.001480549017934718,BILL_AMT2
"[5487, 1.28e+04)",2400,521,1879,0.1005994754589734,0.0980078932531479,0.21708333333333332,0.026099024699937377,6.763776800175767e-05,BILL_AMT2
"[1.28e+04, 2.115e+04)",2399,603,1796,0.09615693411122411,0.1134185303514377,0.25135473113797413,-0.16510319784748087,0.002849944739211316,BILL_AMT2
"[2.115e+04, 3.474e+04)",2399,590,1809,0.09685275384038966,0.11097538056756248,0.24593580658607753,-0.1361165564970879,0.001922323318796503,BILL_AMT2
"[3.474e+04, 5.061e+04)",2400,546,1854,0.09926136059519348,0.10270625822213869,0.2275,-0.03411667455041594,0.0001175284511979898,BILL_AMT2
"[5.061e+04, 8.057e+04)",2399,508,1891,0.10124177059358776,0.0955647434692727,0.21175489787411422,0.05770746472100111,0.0003276068424965777,BILL_AMT2
"[8.057e+04, 1.367e+05)",2399,482,1917,0.10263341005191885,0.09067844390152227,0.20091704877032096,0.12384384859890246,0.001480549017934718,BILL_AMT2
"[1.367e+05, inf)",2400,483,1917,0.10263341005191885,0.0908663785002819,0.20125,0.12177345448459412,0.0014329120810720457,BILL_AMT2
"[-inf, 0)",545,100,445,0.02384520687255794,0.01888742717534298,0.1834862385321101,0.23308675554826536,0.001155592784346896,BILL_AMT3
"[0, 1170)",4246,991,3255,0.17424931756141948,0.18633715467017478,0.23339613754121527,-0.06707055914640203,0.0008107379937548457,BILL_AMT3
"[1170, 5226)",2407,489,1918,0.10268693464647005,0.0919939860928397,0.20315745741587038,0.10996168385297377,0.0011758146283104144,BILL_AMT3
"[5226, 1.222e+04)",2400,506,1894,0.10140234437724134,0.09518887427175343,0.21083333333333334,0.06323314290644921,0.000392897243125267,BILL_AMT3
"[1.222e+04, 2.011e+04)",2399,588,1811,0.09695980302949204,0.11059951137004323,0.24510212588578575,-0.13161918022866773,0.0017952472303414688,BILL_AMT3
"[2.011e+04, 3.125e+04)",2399,591,1808,0.09679922924583846,0.11116331516632212,0.2463526469362234,-0.13836139588975707,0.0019874349786385254,BILL_AMT3
"[3.125e+04, 4.913e+04)",2400,574,1826,0.09776267194775999,0.10796842698740838,0.23916666666666667,-0.09929601491694137,0.0010133908046555764,BILL_AMT3
"[4.913e+04, 7.681e+04)",2399,511,1888,0.10108119680993416,0.09612854726555159,0.2130054189245519,0.05023779289736208,0.0002488101821039062,BILL_AMT3
"[7.681e+04, 1.319e+05)",2399,494,1905,0.1019911149173045,0.09293365908663785,0.2059191329720717,0.09299980538768003,0.0008423416295595064,BILL_AMT3
"[1.319e+05, inf)",2400,472,1928,0.10322218059198202,0.08879909791392596,0.19666666666666666,0.15050726685101692,0.002170778753440463,BILL_AMT3
"[-inf, 0)",555,95,460,0.024648075790825886,0.017947754181544824,0.17117117117117117,0.3172338443452088,0.002125568782461507,BILL_AMT4
"[0, 980)",4243,1033,3210,0.17184071080661564,0.19423040781807932,0.2434598161678058,-0.12247717575118808,0.002742226855888887,BILL_AMT4
"[980, 4625)",2399,458,1941,0.10391800032114756,0.08616801353129111,0.1909128803668195,0.1873030936117342,0.0033246274373075284,BILL_AMT4
"[4625, 1.118e+04)",2401,478,1923,0.10295455761922603,0.08992670550648374,0.19908371511870054,0.13529274743587277,0.0017625739055211447,BILL_AMT4
"[1.118e+04, 1.91e+04)",2399,582,1817,0.09728095059679923,0.10947190377748543,0.24260108378491038,-0.11806473989564929,0.0014393217163577554,BILL_AMT4
"[1.91e+04, 2.87e+04)",2399,594,1805,0.09663865546218488,0.11172711896260101,0.2476031679866611,-0.14508063927679224,0.0021890439303449195,BILL_AMT4
"[2.87e+04, 4.539e+04)",2400,570,1830,0.09797677032596479,0.10721668859236985,0.2375,-0.09012150060530748,0.0008327152996388156,BILL_AMT4
"[4.539e+04, 7.041e+04)",2399,520,1879,0.1005994754589734,0.09781995865438828,0.21675698207586494,0.0280184110857408,7.787764445059047e-05,BILL_AMT4
"[7.041e+04, 1.219e+05)",2399,499,1900,0.10172349194454852,0.09387333208043601,0.20800333472280116,0.08031192647722718,0.0006304614618410838,BILL_AMT4
"[1.219e+05, inf)",2400,487,1913,0.10241931167371407,0.09161811689532043,0.20291666666666666,0.11144625056438684,0.0012037526596676046,BILL_AMT4
"[-inf, 0)",530,102,428,0.022935288765187602,0.019263296372862244,0.19245283018867926,0.17447517559590334,0.0006406715174377881,BILL_AMT5
"[0, 765.2)",4269,1027,3242,0.17355349783225393,0.1931028002255215,0.24057156242679784,-0.10673679404325873,0.002086629863239586,BILL_AMT5
"[765.2, 3637)",2399,465,1934,0.1035433281592892,0.08748355572260853,0.19383076281784076,0.16853931355997773,0.00270670302240761,BILL_AMT5
"[3637, 9868)",2400,460,1940,0.10386447572659636,0.08654388272881038,0.19166666666666668,0.18243533125013117,0.003159888120999789,BILL_AMT5
"[9868, 1.816e+04)",2399,567,1832,0.09808381951506717,0.10665288479609096,0.23634847853272198,-0.08375707945821931,0.0007177198816253778,BILL_AMT5
"[1.816e+04, 2.677e+04)",2399,593,1806,0.09669218005673608,0.11153918436384139,0.2471863276365152,-0.1428434273254959,0.002120796980743322,BILL_AMT5
"[2.677e+04, 4.063e+04)",2400,588,1812,0.09701332762404324,0.11059951137004323,0.245,-0.13106730383496978,0.001780704472994708,BILL_AMT5
"[4.063e+04, 6.55e+04)",2399,535,1864,0.09979660654070545,0.10063897763578275,0.22300958732805334,-0.008405454132396229,7.080511602128642e-06,BILL_AMT5
"[6.55e+04, 1.158e+05)",2399,493,1906,0.1020446395118557,0.09274572448787821,0.2055022926219258,0.09554875656061415,0.0008884997679038628,BILL_AMT5
"[1.158e+05, inf)",2400,486,1914,0.10247283626826527,0.0914301822965608,0.2025,0.1140221054278212,0.001259106655364635,BILL_AMT5
"[-inf, 0)",558,108,450,0.024112829845313922,0.020390903965420034,0.1935483870967742,0.16765514020441016,0.0006240000052240325,BILL_AMT6
"[0, 476)",4236,1008,3228,0.17280415350853717,0.1895320428490885,0.23796033994334279,-0.09239920919121283,0.001545643746505062,BILL_AMT6
"[476, 2728)",2404,486,1918,0.10268693464647005,0.0914301822965608,0.2021630615640599,0.116109244197479,0.0013070130074661586,BILL_AMT6
"[2728, 8731)",2400,418,1982,0.10611250869774662,0.07865062958090585,0.17416666666666666,0.2994842997160048,0.008224401636192634,BILL_AMT6
"[8731, 1.71e+04)",2399,541,1858,0.09947545897339828,0.10176658522834053,0.22551062942892872,-0.02277084056720651,5.217087067063097e-05,BILL_AMT6
"[1.71e+04, 2.55e+04)",2399,613,1786,0.09562168816571215,0.11529787633903402,0.2555231346394331,-0.18711935055096976,0.0036817955523106597,BILL_AMT6
"[2.55e+04, 3.895e+04)",2400,608,1792,0.09594283573301932,0.11435820334523586,0.25333333333333335,-0.17558310381727468,0.003233427403289095,BILL_AMT6
"[3.895e+04, 6.243e+04)",2399,539,1860,0.09958250816250067,0.10139071603082127,0.22467694872863694,-0.017995000774980258,3.2538701991754635e-05,BILL_AMT6
"[6.243e+04, 1.121e+05)",2399,518,1881,0.1007065246480758,0.09744408945686901,0.21592330137557317,0.03293181850044171,0.00010743792358627554,BILL_AMT6
"[1.121e+05, inf)",2400,477,1923,0.10295455761922603,0.08973877090772411,0.19875,0.13738479840809675,0.0018156481931640952,BILL_AMT6
"[-inf, 0)",0,0,0,2.676229727559814e-05,9.396729937981582e-05,,-1.255952763863468,8.440630813824238e-05,PAY_AMT1
"[0, 325)",4795,1648,3147,0.16846866134989028,0.3098101860552528,0.34369134515119915,-0.6092100604567516,0.08610667881080335,PAY_AMT1
"[325, 1274)",2402,532,1870,0.10011775410801263,0.10007517383950386,0.22148209825145712,0.00042539234115240024,1.811332010784399e-08,PAY_AMT1
"[1274, 1732)",2399,546,1853,0.0992078360006423,0.10270625822213869,0.2275948311796582,-0.03465604888927437,0.0001212414915435028,PAY_AMT1
"[1732, 2100)",2320,512,1808,0.09679922924583846,0.09631648186431122,0.2206896551724138,0.004999576516121296,2.4135324719026665e-06,PAY_AMT1
"[2100, 3000)",1853,410,1443,0.07726275223465182,0.07714715279082879,0.22126281705342687,0.0014973063470387453,1.7308778095036855e-07,PAY_AMT1
"[3000, 4305)",3027,638,2389,0.1278970186800835,0.1199962413080248,0.21076973901552692,0.06376497868215082,0.0005037929007017418,PAY_AMT1
"[4305, 6105)",2397,378,2019,0.10809291869614088,0.07113324563052058,0.15769712140175218,0.41843639826249596,0.01546527247853754,PAY_AMT1
"[6105, 1.029e+04)",2401,341,2060,0.11028742707273992,0.06417966547641421,0.14202415660141607,0.541403507904559,0.02496290386987785,PAY_AMT1
"[1.029e+04, inf)",2400,311,2089,0.11183964031472461,0.05854162751362526,0.12958333333333333,0.6473279797969941,0.03450129495372997,PAY_AMT1
"[-inf, 0)",0,0,0,2.676229727559814e-05,9.396729937981582e-05,,-1.255952763863468,8.440630813824238e-05,PAY_AMT2
"[0, 285)",4798,1567,3231,0.17296472729219076,0.2945874835557226,0.326594414339308,-0.5324883316675937,0.06476269857558246,PAY_AMT2
"[285, 1165)",2398,534,1864,0.09979660654070545,0.10045104303702311,0.2226855713094245,-0.0065362947096926,4.277589808710893e-06,PAY_AMT2
"[1165, 1600)",2369,578,1791,0.09588931113846813,0.10872016538244691,0.24398480371464754,-0.12558277375219087,0.0016113342655689256,PAY_AMT2
"[1600, 2002)",2421,559,1862,0.09968955735160306,0.10514940800601391,0.2308963238331268,-0.05332134136173347,0.00029112656052792464,PAY_AMT2
"[2002, 3000)",2173,454,1719,0.092035540330782,0.08541627513625258,0.20892774965485503,0.07463815239131942,0.0004940497243078434,PAY_AMT2
"[3000, 4038)",2637,562,2075,0.11109029599100786,0.1057132118022928,0.2131209708001517,0.04961346955105011,0.00026677580267024767,PAY_AMT2
"[4038, 6000)",2257,408,1849,0.09899373762243752,0.07677128359330952,0.18077093486929552,0.2542259331089831,0.005649524111526546,PAY_AMT2
"[6000, 1.045e+04)",2541,391,2150,0.1151046405823476,0.07357639541439578,0.15387642660369932,0.4475173729294652,0.018584611179932552,PAY_AMT2
"[1.045e+04, inf)",2400,263,2137,0.11440882085318203,0.04952076677316294,0.10958333333333334,0.8373860689660301,0.05433635252892237,PAY_AMT2
"[-inf, 0)",0,0,0,2.676229727559814e-05,9.396729937981582e-05,,-1.255952763863468,8.440630813824238e-05,PAY_AMT3
"[0, 2)",4794,1553,3241,0.17349997323770272,0.29195639917308774,0.3239465999165624,-0.5204270280815199,0.0616479257067111,PAY_AMT3
"[2, 779.9)",2404,556,1848,0.09894021302788632,0.104585604209735,0.23128119800332778,-0.05549015620238097,0.00031326363850432785,PAY_AMT3
"[779.9, 1200)",2219,492,1727,0.09246373708719156,0.09255778988911859,0.2217214961694457,-0.0010166688337867986,9.562055244952626e-08,PAY_AMT3
"[1200, 1800)",2522,596,1926,0.10311513140287962,0.11210298816012028,0.23632038065027755,-0.0835718413352267,0.0007511317388598617,PAY_AMT3
"[1800, 2477)",2456,543,1913,0.10241931167371407,0.1021424544258598,0.22109120521172637,0.002706834441024722,7.494067337392565e-07,PAY_AMT3
"[2477, 3504)",2401,464,1937,0.10370390194294278,0.08729562112384891,0.19325281132861308,0.17223943911014056,0.0028261530850424064,PAY_AMT3
"[3504, 5215)",2397,414,1983,0.1061660332922978,0.07789889118586732,0.17271589486858574,0.3095925015155669,0.008751295235425824,PAY_AMT3
"[5215, 1e+04)",2256,381,1875,0.10038537708076861,0.07169704942679947,0.16888297872340424,0.33656695493396227,0.009655543080644176,PAY_AMT3
"[1e+04, inf)",2545,317,2228,0.1192795589573409,0.05966923510618305,0.12455795677799607,0.692653410190396,0.04128929409805838,PAY_AMT3
"[-inf, 0)",0,0,0,2.6763013515321824e-05,9.3976130062964e-05,,-1.2560199729226589,8.442101682621704e-05,PAY_AMT4
"[0, 500)",7024,1998,5026,0.2690485748695303,0.37562259186166713,0.28445330296127563,-0.33369295522856235,0.03556299868068515,PAY_AMT4
"[500, 1000)",2072,479,1593,0.08529372407333066,0.09012310873038248,0.2311776061776062,-0.055075733388760775,0.00026598190180355803,PAY_AMT4
"[1000, 1500)",2681,627,2054,0.10996922253445739,0.11794004322901983,0.2338679597165237,-0.06997585560513342,0.0005577649979771104,PAY_AMT4
"[1500, 2100)",2580,597,1983,0.10616887461528168,0.11230147542524199,0.2313953488372093,-0.05615601677393983,0.00034438243395200813,PAY_AMT4
"[2100, 3187)",2439,456,1983,0.10616887461528168,0.08580020674748613,0.18696186961869618,0.21300956699670284,0.004338721122818785,PAY_AMT4
"[3187, 5000)",1903,365,1538,0.08234979258664525,0.0686965510760267,0.19180241723594324,0.1812769426496043,0.002475017878301597,PAY_AMT4
"[5000, 9698)",2895,468,2427,0.12993443061688748,0.08805563386899727,0.1616580310880829,0.3890611255643442,0.01629341180001456,PAY_AMT4
"[9698, inf)",2400,326,2074,0.11103974307507025,0.0613664129311155,0.13583333333333333,0.5930255181337778,0.02945755234604897,PAY_AMT4
"[-inf, 0)",0,0,0,2.6763013515321824e-05,9.3976130062964e-05,,-1.2560199729226589,8.442101682621704e-05,PAY_AMT5
"[0, 500)",7071,1972,5099,0.2729559748427673,0.37073583309839303,0.2788855890255975,-0.3061792509521155,0.029938163758911517,PAY_AMT5
"[500, 1000)",2015,465,1550,0.08299210491101298,0.0874917770886195,0.23076923076923078,-0.05279933109927707,0.00023757968114365114,PAY_AMT5
"[1000, 1500)",2627,615,2012,0.10772112939917035,0.11568461610750869,0.23410734678340311,-0.07132190925444865,0.0005679710763611149,PAY_AMT5
"[1500, 2100)",2642,615,2027,0.10852401980463,0.11568461610750869,0.232778198334595,-0.06389613255759907,0.00045753441056019034,PAY_AMT5
"[2100, 3200)",2417,475,1942,0.10397430750702528,0.08937129968987877,0.19652461729416631,0.15134422733369857,0.002210080934834,PAY_AMT5
"[3200, 5000)",1952,385,1567,0.08390204737053392,0.07245559627854525,0.19723360655737704,0.14667610658103247,0.0016789208803431046,PAY_AMT5
"[5000, 9465)",2870,484,2386,0.12773986350863106,0.09106287003101213,0.1686411149825784,0.3384457321924712,0.012413171912151232,PAY_AMT5
"[9465, inf)",2400,305,2095,0.11216378964271377,0.057419415468471006,0.12708333333333333,0.6695777158308173,0.03665561301417705,PAY_AMT5
"[-inf, 0)",0,0,0,2.6763013515321824e-05,9.3976130062964e-05,,-1.2560199729226589,8.442101682621704e-05,PAY_AMT6
"[0, 416)",7182,1999,5183,0.27745216111334137,0.37581054412179304,0.27833472570314677,-0.30343661844636516,0.029845535135936997,PAY_AMT6
"[416, 1000)",2223,546,1677,0.08978991034390472,0.10271591015881966,0.24561403508771928,-0.1344944116934153,0.0017384747406561792,PAY_AMT6
"[1000, 1500)",2456,549,1907,0.10210089656095277,0.10327976693919744,0.22353420195439738,-0.011479983607722871,1.3533412617878876e-05,PAY_AMT6
"[1500, 2070)",2534,600,1934,0.10354609929078014,0.11286533220561977,0.23677979479084452,-0.08617844030212961,0.0008031169574131484,PAY_AMT6
"[2070, 3151)",2401,482,1919,0.10274320888532049,0.09068696551076026,0.2007496876301541,0.12481912073915277,0.0015048496974298432,PAY_AMT6
"[3151, 5000)",2012,388,1624,0.08695303091128061,0.07301945305892303,0.19284294234592445,0.17464221237879396,0.0024333908624878916,PAY_AMT6
"[5000, 9537)",2786,450,2336,0.12506356215709888,0.08467249318673058,0.1615218951902369,0.39003131216942916,0.01575378163043866,PAY_AMT6
"[9537, inf)",2400,302,2098,0.1123243677238057,0.05685555868809322,0.12583333333333332,0.6808768323800906,0.037767426992132064,PAY_AMT6
0,15993,1879,14114,0.7555335492331986,0.3533226807030736,0.11748890139436004,0.7600424383589748,0.30569732925211723,delinquent_months_6m
1,3523,1067,2456,0.13149372373738724,0.20067675533414794,0.3028668748225944,-0.42273630888250163,0.029246179414516103,delinquent_months_6m
2,1502,585,917,0.049112758611460534,0.1100667355954507,0.38948069241011984,-0.8069680184974717,0.04918791002631104,delinquent_months_6m
3,925,474,451,0.024168294837138345,0.08920011279255569,0.5124324324324324,-1.3058406605813673,0.0849211921177094,delinquent_months_6m
4,760,431,329,0.01763776998635013,0.08111664630134412,0.5671052631578948,-1.5258455719693458,0.09685896233882337,delinquent_months_6m
5,224,131,93,0.005004951422530311,0.024720368455681926,0.5848214285714286,-1.5971998307116029,0.031489460747758415,delinquent_months_6m
6,1067,749,318,0.017048952171934802,0.14089670081774602,0.7019681349578257,-2.111938257918859,0.26155879852220726,delinquent_months_6m
"[-inf, 0.004192)",2400,626,1774,0.09497939303109779,0.11774102612290922,0.2608333333333333,-0.21482756611303994,0.004889826237871879,bill_to_limit
"[0.004192, 0.01751)",2399,465,1934,0.1035433281592892,0.08748355572260853,0.19383076281784076,0.16853931355997773,0.00270670302240761,bill_to_limit
"[0.01751, 0.05091)",2399,340,2059,0.11023390247818873,0.06399173087765457,0.14172571904960402,0.5438506244231004,0.025148833899630664,bill_to_limit
"[0.05091, 0.1343)",2400,348,2052,0.10985923031633035,0.06549520766773163,0.145,0.5172228472625365,0.022946086110327887,bill_to_limit
"[0.1343, 0.2879)",2399,371,2028,0.10857464004710164,0.06981770343920315,0.1546477699041267,0.44155025462521996,0.017113135227711084,bill_to_limit
"[0.2879, 0.4528)",2399,468,1931,0.1033827543756356,0.08804735951888742,0.19508128386827844,0.16056331656439096,0.00246230185902399,bill_to_limit
"[0.4528, 0.6147)",2400,592,1808,0.09679922924583846,0.11135124976508175,0.24666666666666667,-0.14005058548060173,0.0020380189936457524,bill_to_limit
"[0.6147, 0.7584)",2399,618,1781,0.09535406519295617,0.11623754933283217,0.2576073363901626,-0.19803897065011994,0.00413574370264915,bill_to_limit
"[0.7584, 0.8905)",2399,717,1682,0.09005513033238773,0.1348430746100357,0.2988745310546061,-0.40368964997836143,0.018080429548694064,bill_to_limit
"[0.8905, inf)",2400,771,1629,0.08721832682117434,0.14499154294305583,0.32125,-0.5082609373890674,0.02936386898208867,bill_to_limit
"[-inf, 0.03247)",2400,887,1513,0.08100947385323556,0.16679195639917307,0.3695833333333333,-0.7221811567512655,0.061950492474020395,payment_to_bill
"[0.03247, 0.03873)",2399,605,1794,0.09604988492212171,0.11379439954895697,0.25218841183826596,-0.16952561626895324,0.003008149777507701,payment_to_bill
"[0.03873, 0.04489)",2399,577,1822,0.09754857356955521,0.10853223078368728,0.2405168820341809,-0.10669674237660351,0.0011719204441291717,payment_to_bill
"[0.04489, 0.05698)",2400,609,1791,0.09588931113846813,0.11454613794399549,0.25375,-0.17778317603978572,0.0033168699243108627,payment_to_bill
"[0.05698, 0.08784)",2399,641,1758,0.09412299951827865,0.12056004510430371,0.26719466444351814,-0.24754549600512218,0.0065443715625025985,payment_to_bill
"[0.08784, 0.1911)",2399,520,1879,0.1005994754589734,0.09781995865438828,0.21675698207586494,0.0280184110857408,7.787764445059047e-05,payment_to_bill
"[0.1911, 0.4328)",2400,375,2025,0.10841406626344806,0.07056944183424169,0.15625,0.42936062757508764,0.016248991695267542,payment_to_bill
"[0.4328, 0.7907)",2399,377,2022,0.10825349247979446,0.07094531103176095,0.15714881200500208,0.4225663163800991,0.01576518080533587,payment_to_bill
"[0.7907, 1.006)",2399,353,2046,0.10953808274902317,0.06643488066152979,0.14714464360150062,0.5000500467323621,0.021553758218165513,payment_to_bill
"[1.006, inf)",2400,372,2028,0.10857464004710164,0.0700056380379628,0.155,0.4388620809634194,0.01692647248241298,payment_to_bill
0,23141,5019,18122,0.9702071845387868,0.9440473951476397,0.216887774944903,0.02733326938848696,0.0007150325705743086,nonpositive_mean_bill
1,853,297,556,0.029792815461213127,0.05595260485236035,0.3481828839390387,-0.6302377179250495,0.016486885967276547,nonpositive_mean_bill
