issue_month,n,originated_usd,mean_interest_rate,terminal_n,bad_n,terminal_coverage,eligible,terminal_chargeoff_rate
2007-06-01,1,7500.0,0.1375,1,0,1.0,False,
2007-07-01,30,171700.0,0.09254666666666665,30,0,1.0,False,
2007-08-01,33,208475.0,0.10294848484848484,33,7,1.0,False,
2007-09-01,18,146025.0,0.10083888888888888,18,3,1.0,False,
2007-10-01,47,318775.0,0.10806808510638298,47,10,1.0,False,
2007-11-01,37,380625.0,0.09798648648648647,37,7,1.0,False,
2007-12-01,85,986175.0,0.10659176470588234,85,18,1.0,False,
2008-01-01,171,1761050.0,0.10545380116959063,171,31,1.0,True,0.18128654970760233
2008-02-01,174,1679375.0,0.10742471264367816,174,25,1.0,True,0.14367816091954022
2008-03-01,236,2693925.0,0.11143686440677966,236,40,1.0,True,0.1694915254237288
2008-04-01,155,1556300.0,0.11078258064516128,155,27,1.0,True,0.17419354838709677
2008-05-01,71,418900.0,0.1047056338028169,71,10,1.0,False,
2008-06-01,66,379975.0,0.10613939393939395,66,7,1.0,False,
2008-07-01,83,524925.0,0.10756867469879519,83,17,1.0,False,
2008-08-01,71,412200.0,0.11585070422535212,71,6,1.0,False,
2008-09-01,32,184925.0,0.109609375,32,5,1.0,False,
2008-10-01,96,780750.0,0.11249583333333334,96,15,1.0,False,
2008-11-01,184,1703450.0,0.11657554347826087,184,31,1.0,True,0.16847826086956522
2008-12-01,223,2294500.0,0.11978430493273542,223,33,1.0,True,0.14798206278026907
2009-01-01,239,2186225.0,0.12149372384937238,239,28,1.0,True,0.11715481171548117
2009-02-01,260,2341075.0,0.12633653846153847,260,34,1.0,True,0.13076923076923078
2009-03-01,276,2653250.0,0.1250398550724638,276,31,1.0,True,0.11231884057971014
2009-04-01,290,2678150.0,0.12270862068965518,290,40,1.0,True,0.13793103448275862
2009-05-01,319,3115150.0,0.11993228840125393,319,42,1.0,True,0.13166144200626959
2009-06-01,356,3192350.0,0.11786011235955056,356,43,1.0,True,0.12078651685393259
2009-07-01,374,3486450.0,0.1200120320855615,374,47,1.0,True,0.12566844919786097
2009-08-01,408,3933700.0,0.11999117647058824,408,40,1.0,True,0.09803921568627451
2009-09-01,449,4580125.0,0.12087616926503342,449,57,1.0,True,0.12694877505567928
2009-10-01,545,5611900.0,0.12362238532110092,545,87,1.0,True,0.1596330275229358
2009-11-01,602,6167225.0,0.12306029900332227,602,83,1.0,True,0.1378737541528239
2009-12-01,598,6490725.0,0.12224648829431436,598,62,1.0,True,0.10367892976588629
2010-01-01,589,6579725.0,0.12174312393887946,589,76,1.0,True,0.12903225806451613
2010-02-01,627,6784725.0,0.11548452950558213,627,63,1.0,True,0.10047846889952153
2010-03-01,737,7638325.0,0.11570881953867028,737,69,1.0,True,0.09362279511533243
2010-04-01,827,8657075.0,0.11601910519951633,827,82,1.0,True,0.09915356711003627
2010-05-01,920,9932700.0,0.11805913043478261,920,125,1.0,True,0.1358695652173913
2010-06-01,1029,10474400.0,0.12391195335276968,1029,166,1.0,True,0.16132167152575316
2010-07-01,1119,11183000.0,0.12145281501340482,1119,137,1.0,True,0.1224307417336908
2010-08-01,1078,11185475.0,0.1273209647495362,1078,148,1.0,True,0.137291280148423
2010-09-01,1087,11258400.0,0.12365298988040478,1087,175,1.0,True,0.1609935602575897
2010-10-01,1133,12181250.0,0.11670353045013239,1133,161,1.0,True,0.14210061782877317
2010-11-01,1121,12503550.0,0.10556378233719893,1121,142,1.0,True,0.12667261373773417
2010-12-01,1269,13742575.0,0.10698313632781717,1269,143,1.0,True,0.11268715524034673
2011-01-01,1380,14824575.0,0.11106797101449276,1380,186,1.0,True,0.13478260869565217
2011-02-01,1298,14601275.0,0.11694414483821262,1298,169,1.0,True,0.13020030816640987
2011-03-01,1448,16567325.0,0.11963715469613259,1448,210,1.0,True,0.14502762430939226
2011-04-01,1563,17542075.0,0.11721010876519514,1563,222,1.0,True,0.1420345489443378
2011-05-01,1704,19327950.0,0.1265212441314554,1704,290,1.0,True,0.17018779342723006
2011-06-01,1835,20940200.0,0.12331792915531335,1835,271,1.0,True,0.14768392370572206
2011-07-01,1875,21337600.0,0.12384416,1875,282,1.0,True,0.1504
2011-08-01,1934,23247525.0,0.12166923474663908,1934,271,1.0,True,0.14012409513960702
2011-09-01,2067,25837650.0,0.11770445089501692,2067,308,1.0,True,0.1490082244799226
2011-10-01,2118,27482550.0,0.12158711048158641,2118,313,1.0,True,0.147780925401322
2011-11-01,2232,28332600.0,0.12570318100358424,2232,344,1.0,True,0.15412186379928317
2011-12-01,2267,31642500.0,0.13354790471989414,2267,431,1.0,True,0.1901191001323335
