issue_month,A,B,C,D,E,F,G
2007-06-01,0.0,0.0,0.0,0.0,1.0,0.0,0.0
2007-07-01,0.43333333333333335,0.23333333333333334,0.3,0.0,0.0,0.03333333333333333,0.0
2007-08-01,0.30303030303030304,0.2727272727272727,0.12121212121212122,0.15151515151515152,0.06060606060606061,0.09090909090909091,0.0
2007-09-01,0.2777777777777778,0.2222222222222222,0.2777777777777778,0.16666666666666666,0.0,0.05555555555555555,0.0
2007-10-01,0.1702127659574468,0.1702127659574468,0.3829787234042553,0.1702127659574468,0.0851063829787234,0.02127659574468085,0.0
2007-11-01,0.2972972972972973,0.21621621621621623,0.40540540540540543,0.05405405405405406,0.02702702702702703,0.0,0.0
2007-12-01,0.11764705882352941,0.29411764705882354,0.2823529411764706,0.2235294117647059,0.07058823529411765,0.011764705882352941,0.0
2008-01-01,0.24561403508771928,0.27485380116959063,0.2573099415204678,0.14035087719298245,0.05847953216374269,0.017543859649122806,0.005847953216374269
2008-02-01,0.1724137931034483,0.41379310344827586,0.20114942528735633,0.16091954022988506,0.034482758620689655,0.017241379310344827,0.0
2008-03-01,0.13135593220338984,0.326271186440678,0.2923728813559322,0.17796610169491525,0.059322033898305086,0.00847457627118644,0.00423728813559322
2008-04-01,0.14838709677419354,0.3225806451612903,0.3225806451612903,0.14838709677419354,0.025806451612903226,0.03225806451612903,0.0
2008-05-01,0.2676056338028169,0.29577464788732394,0.2535211267605634,0.14084507042253522,0.04225352112676056,0.0,0.0
2008-06-01,0.21212121212121213,0.3333333333333333,0.3333333333333333,0.10606060606060606,0.015151515151515152,0.0,0.0
2008-07-01,0.2289156626506024,0.27710843373493976,0.3493975903614458,0.12048192771084337,0.024096385542168676,0.0,0.0
2008-08-01,0.14084507042253522,0.28169014084507044,0.29577464788732394,0.16901408450704225,0.07042253521126761,0.04225352112676056,0.0
2008-09-01,0.25,0.1875,0.4375,0.0625,0.03125,0.03125,0.0
2008-10-01,0.21875,0.28125,0.3333333333333333,0.125,0.041666666666666664,0.0,0.0
2008-11-01,0.16847826086956522,0.3858695652173913,0.21739130434782608,0.1358695652173913,0.08152173913043478,0.0,0.010869565217391304
2008-12-01,0.21076233183856502,0.3183856502242152,0.28699551569506726,0.1210762331838565,0.04484304932735426,0.017937219730941704,0.0
2009-01-01,0.2510460251046025,0.26359832635983266,0.2384937238493724,0.19665271966527198,0.04184100418410042,0.008368200836820083,0.0
2009-02-01,0.2423076923076923,0.1346153846153846,0.3192307692307692,0.18461538461538463,0.1076923076923077,0.011538461538461539,0.0
2009-03-01,0.2572463768115942,0.10507246376811594,0.34782608695652173,0.2028985507246377,0.07608695652173914,0.010869565217391304,0.0
2009-04-01,0.3,0.14482758620689656,0.2482758620689655,0.2103448275862069,0.08275862068965517,0.013793103448275862,0.0
2009-05-01,0.23197492163009403,0.335423197492163,0.27586206896551724,0.09404388714733543,0.047021943573667714,0.01567398119122257,0.0
2009-06-01,0.2612359550561798,0.3595505617977528,0.25280898876404495,0.0898876404494382,0.019662921348314606,0.0056179775280898875,0.011235955056179775
2009-07-01,0.26737967914438504,0.30213903743315507,0.24598930481283424,0.11497326203208556,0.0374331550802139,0.0213903743315508,0.0106951871657754
2009-08-01,0.2647058823529412,0.34068627450980393,0.21568627450980393,0.09803921568627451,0.06372549019607843,0.014705882352941176,0.0024509803921568627
2009-09-01,0.26057906458797325,0.3363028953229399,0.23385300668151449,0.0957683741648107,0.0556792873051225,0.013363028953229399,0.004454342984409799
2009-10-01,0.22568807339449543,0.3247706422018349,0.23119266055045873,0.15229357798165138,0.045871559633027525,0.01834862385321101,0.001834862385321101
2009-11-01,0.23920265780730898,0.287375415282392,0.24750830564784054,0.16943521594684385,0.04152823920265781,0.006644518272425249,0.008305647840531562
2009-12-01,0.23076923076923078,0.34782608695652173,0.24581939799331104,0.12040133779264214,0.026755852842809364,0.01839464882943144,0.010033444816053512
2010-01-01,0.22750424448217318,0.3310696095076401,0.22580645161290322,0.14091680814940577,0.05602716468590832,0.015280135823429542,0.003395585738539898
2010-02-01,0.21212121212121213,0.37161084529505584,0.23604465709728867,0.13556618819776714,0.03508771929824561,0.006379585326953748,0.003189792663476874
2010-03-01,0.2265943012211669,0.35006784260515605,0.2265943012211669,0.1451831750339213,0.036635006784260515,0.010854816824966078,0.004070556309362279
2010-04-01,0.20193470374848851,0.3688029020556227,0.2478839177750907,0.14389359129383314,0.030229746070133012,0.006045949214026602,0.0012091898428053204
2010-05-01,0.23478260869565218,0.3010869565217391,0.22608695652173913,0.15978260869565217,0.06304347826086956,0.015217391304347827,0.0
2010-06-01,0.22643343051506318,0.2847424684159378,0.21477162293488825,0.1477162293488824,0.08843537414965986,0.027210884353741496,0.010689990281827016
2010-07-01,0.24128686327077747,0.2949061662198391,0.21805183199285075,0.14745308310991956,0.07327971403038427,0.02323503127792672,0.0017873100983020554
2010-08-01,0.17625231910946196,0.3033395176252319,0.22727272727272727,0.1567717996289425,0.08905380333951762,0.03432282003710575,0.012987012987012988
2010-09-01,0.21803127874885003,0.3017479300827967,0.20699172033118676,0.14811407543698252,0.09659613615455381,0.01839926402943882,0.010119595216191352
2010-10-01,0.26831421006178285,0.27714033539276256,0.19593998234774934,0.1323918799646955,0.08737864077669903,0.02824360105913504,0.01059135039717564
2010-11-01,0.31489741302408564,0.29973238180196254,0.17752007136485282,0.11418376449598573,0.057091882247992866,0.021409455842997322,0.015165031222123104
2010-12-01,0.3128447596532703,0.26871552403467297,0.1938534278959811,0.11583924349881797,0.07249802994483845,0.026004728132387706,0.01024428684003152
2011-01-01,0.2920289855072464,0.2847826086956522,0.17681159420289855,0.13333333333333333,0.07898550724637682,0.02681159420289855,0.007246376811594203
2011-02-01,0.27041602465331277,0.29275808936825887,0.16486902927580893,0.11556240369799692,0.08782742681047766,0.04776579352850539,0.020801232665639446
2011-03-01,0.24585635359116023,0.2866022099447514,0.16781767955801105,0.1298342541436464,0.10151933701657459,0.052486187845303865,0.015883977900552487
2011-04-01,0.23544465770953296,0.31861804222648754,0.17402431222008957,0.1413947536788228,0.08829174664107485,0.030070377479206652,0.01215611004478567
2011-05-01,0.23591549295774647,0.27406103286384975,0.19953051643192488,0.14906103286384975,0.09683098591549295,0.03931924882629108,0.00528169014084507
2011-06-01,0.2610354223433243,0.2953678474114441,0.19400544959128066,0.12970027247956403,0.07029972752043596,0.03760217983651226,0.011989100817438692
2011-07-01,0.24586666666666668,0.3104,0.18826666666666667,0.1296,0.08746666666666666,0.0304,0.008
2011-08-01,0.2797311271975181,0.29472595656670114,0.17011375387797312,0.14270941054808686,0.07135470527404343,0.03205791106514995,0.009307135470527405
2011-09-01,0.31204644412191584,0.31881954523463957,0.1717464925012095,0.11465892597968069,0.057087566521528785,0.01983551040154814,0.005805515239477504
2011-10-01,0.3309726156751652,0.295561850802644,0.15722379603399433,0.11142587346553352,0.07223796033994334,0.024079320113314446,0.0084985835694051
2011-11-01,0.2674731182795699,0.3194444444444444,0.1917562724014337,0.11693548387096774,0.06854838709677419,0.02956989247311828,0.0062724014336917565
2011-12-01,0.1985002205558006,0.317600352889281,0.20952801058667844,0.13586237318041464,0.09307454786060873,0.038376709307454786,0.0070577856197618
