arm,covariate,standardized_mean_difference
Mens E-Mail,recency,0.006831532454259954
Mens E-Mail,history,0.00761286832154239
Mens E-Mail,mens,-0.0045823256374879625
Mens E-Mail,womens,0.007588929691887142
Mens E-Mail,newbie,-0.0008918953696535328
Mens E-Mail,zip_code_Rural,0.01365900039927897
Mens E-Mail,zip_code_Surburban,-0.01174335672606268
Mens E-Mail,zip_code_Urban,0.0019722315768513645
Mens E-Mail,channel_Multichannel,-0.004181536419632754
Mens E-Mail,channel_Phone,-0.008275992307117473
Mens E-Mail,channel_Web,0.011013588354428299
Womens E-Mail,recency,0.005180013205688683
Womens E-Mail,history,0.006510722458553667
Womens E-Mail,mens,-0.008630731202832915
Womens E-Mail,womens,0.004946313992582152
Womens E-Mail,newbie,0.0025567009140795606
Womens E-Mail,zip_code_Rural,0.00395850560137286
Womens E-Mail,zip_code_Surburban,-0.0010891197386245202
Womens E-Mail,zip_code_Urban,-0.0017628666291550237
Womens E-Mail,channel_Multichannel,-0.00528289712504171
Womens E-Mail,channel_Phone,0.008622833281250204
Womens E-Mail,channel_Web,-0.005147863897421752
